NUMERO_CLIENTE;FECHA_DE_INICIO;HORA_INICIO;HORA_FINAL;TIPO_DE_DOCUMENTO;ID_USUARIO;NOMBRES;APELLIDOS;FECHA_DE_NACIMIENTO;CONTRASEÑA;GENERO;TELEFONO;DIRECCION;CORREO_ELECTRONICO;Id_FACTURA;Id_PRODUCTO
18;2022-01-18;08:05:00;08:40:00;CC;10366453;JOSE ENRIQUE;GONZALEZ;1974-04-28;GWQE;MASCULINO ;2147483647;KRA 3 No.4-59 SUR;POLIUSBD5698@GMAIL.COM;FACT018;PRO6
31;2022-01-31;14:00:00;14:50:00;CC;10366466;VICTOR MANUEL;ARIAS PEREZ;1958-12-19;ARFSD;MASCULINO ;2147483647;KRA 3 No.4-59 SUR;AOSJASHKD6@GMAIL.COM;FACT031;PRO7
36;2022-02-05;15:05:00;17:59:00;CC;10366471;DERLY;DELGADO GIL;1978-09-25;DELGADO5;FEMENINO ;2147483647;KRA 3 No.4-59 SUR;ANOCHER@GMAIL.COM;FACT036;PRO12
6;2022-01-06;08:35:00;09:40:00;CC;12622881;ARMANDO SEGUNDO;CORRO HERNANDEZ;1975-07-27;her45454512;MASCULINO ;2147483647;KRA 3 No.4-59 SUR;OPKDSD68925@GMAIL.COM;FACT006;PRO6
10;2022-01-10;14:52:00;15:50:00;CC;15036645;OLGA CECILIA;GARCIA DE MEJIA;1961-04-20;gaeqe96;FEMENINO;2147483647;KRA 3 No.4-59 SUR;SDLJSDKJHSF54566@GMAIL.COM;FACT010;PRO10
20;2022-01-20;10:10:00;10:49:00;CC;150366455;ISRAEL;HERRERA GONGORA;1978-09-08;ASADD;MASCULINO ;2147483647;KRA 3 No.4-59 SUR;POLICIUSD54332@GMAIL.COM;FACT020;PRO8
21;2022-01-21;10:55:00;11:31:00;CC;150366456;CARMEN;LOPEZ PAREDES;1978-10-11;UFGFUJI523;FEMENINO ;2147483647;KRA 3 No.4-59 SUR;POOUYH4562@GMAIL.COM;FACT021;PRO9
30;2022-01-30;17:10:00;18:00:00;CC;150366465;GUSTAVO;GARCIA MOLINA;1958-11-01;GASVHASL;MASCULINO ;2147483647;KRA 3 No.4-59 SUR;ABTEIÑL6@GMAIL.COM;FACT030;PRO6
14;2022-01-14;10:55:00;11:31:00;CE;150644990;WILSON DE JESUS;ANDRADE BERTEL;1968-03-20;AFDSD44;MASCULINO ;2147483647;KRA 3 No.4-59 SUR;PYETEV586@GMAIL.COM;FACT014;PRO2
19;2022-01-19;08:45:00;09:43:00;CE;154503454;JOSE ERNESTO;GONZALEZ MIRANDA;1975-07-12;DSASDSDSFD5;MASCULINO ;2147483647;KRA 3 No.4-59 SUR;POL89154@GMAIL.COM;FACT019;PRO7
35;2022-02-04;13:39:00;15:01:00;CC;155004558;OSCAR;ARIAS QUEVEDO;1975-01-22;ARIESQ;MASCULINO ;2147483647;KRA 5 No.4-59 SUR;OSDJNSMND6@GMAIL.COM;FACT035;PRO11
12;2022-01-12;08:45:00;09:43:00;CC;15503447;GILMARIO;CORTES VILLAMIL;1970-07-21;cort985;MASCULINO ;2147483647;KRA 3 No.4-59 SUR;DOPDSADMSLD6@GMAIL.COM;FACT012;PRO12
7;2022-01-07;09:45:00;10:40:00;CC;15503642;JESUS ANTONIO;CUERVO;1969-12-01;cerwr55;MASCULINO ;2147483647;KRA 31No.4-59 SUR;PAOSKAOS56362@GMAIL.COM;FACT007;PRO7
8;2022-01-08;10:55:00;11:45:00;CE;15503643;ASTRID CELESTE;VILLA GUARDIOLA;1977-08-10;v54545;FEMENINO;2147483647;CALLE 3 SUR;O466@GMAIL.COM;FACT008;PRO8
15;2022-01-15;11:33:00;12:00:00;CE;15503660;JOSE ISAIAS;GOMEZ FAJARDO;1978-01-24;G454;MASCULINO ;2147483647;KRA 3 No.4-59 SUR;POILIU5452@GMAIL.COM;FACT015;PRO3
13;2022-01-13;10:10:00;10:49:00;CC;15503664;LUIS ALBERTO;BEDOYA OCAMPO;1967-12-11;bedoya54454;MASCULINO ;2147483647;KRA 3 No.4-59 SUR;DARPA@GMAIL.COM;FACT013;PRO1
24;2022-01-24;09:00:00;09:55:00;CE;1550366459;JULIO CESAR;CABRERA;1996-12-19;CADS;MASCULINO ;2147483647;KRA 3 No.4-59 SUR;LJKJSKDN4583@GMAIL.COM;FACT024;PRO12
27;2022-01-27;14:00:00;15:05:00;CC;1550366462;JOSE DOMINGO;GUTIERREZ MORALES;1996-12-19;DSDKOL{Ñ5;MASCULINO ;2147483647;KRA 3 No.4-59 SUR;PILIEPA456@GMAIL.COM;FACT027;PRO3
28;2022-01-28;15:10:00;16:10:00;CE;1550366856;MARIA;GONZALEZ PUERTO;1996-12-19;GONSAALS,M6685;FEMENINO;2147483647;KRA 3 No.4-59 SUR;POILEM535@GMAIL.COM;FACT028;PRO4
9;2022-01-09;14:00:00;14:50:00;CC;15506444;MARTHA LUCIA;NUÑEZ CUERVO;1977-10-23;nuñ78;FEMENINO;2147483647;CALLE 2 SUR;SDSDFSFDSFV CGVB@GMAIL.COM;FACT009;PRO9
22;2022-01-22;11:33:00;12:00:00;CC;155366457;LUIS EDUARDO;LEAL BARAHONA;1990-08-09;SDDSDS62365;MASCULINO ;2147483647;KRA 3 No.4;POUEMND5469@GMAIL.COM;FACT022;PRO10
11;2022-01-11;08:05:00;08:40:00;CE;15536646;RUBEN DARIO;CALLE VEGA;1969-06-17;caa54554;MASCULINO ;2147483647;KRA 3 No.4-59 SUR;LKDJSD6@GMAIL.COM;FACT011;PRO11
17;2022-01-17;15:55:00;17:00:00;CC;15566452;RAFAEL ANTONIO;TORRES ROSAS;1973-04-16;T5454545;MASCULINO ;2147483647;KRA 3 No.4-59 SUR;LJKNMNASB4533@GMAIL.COM;FACT017;PRO5
33;2022-02-02;15:55:00;17:00:00;CC;15566468;HECTOR GUILLERMO;AMAYA;1963-10-04;SAFGTR;MASCULINO ;2147483647;KRA 3 No.4-58 SUR;OALVAR6@GMAIL.COM;FACT033;PRO9
34;2022-02-03;09:38:00;11:54:00;CC;156469788;BLAS;SAN MARTIN FLOREZ;1964-03-27;SANMHY8;MASCULINO ;2147483647;KRA 3 No.4-59 SUR;,MNSAJBS@HOITMAIL.COM;FACT034;PRO10
16;2022-01-16;14:45:00;15:50:00;CE;1566451;GILBERTO;VARGAS NARANJO;1971-11-19;VA5545;MASCULINO ;2147483647;KRA 3 No.4-59 SUR;PPOIUUJ5631@GMAIL.COM;FACT016;PRO4
32;2022-02-01;14:55:00;15:50:00;CC;15664678;HECTOR HERNAN;ERAZO OSORIO;1976-12-02;ERASX;MASCULINO ;2147483647;KRA 2 No.4-59 SUR;PEDRMA@GMAIL.COM;FACT032;PRO8
25;2022-01-25;10:00:00;11:00:00;CE;15PP036460;SOTERO;BAUTISTA LIZARAZO;1996-12-19;MORAED546;MASCULINO ;2147483647;KRA 3 No.4-59 SUR;POLJSGD48963@GMAIL.COM;FACT025;PRO1
1;2021-01-04;08:05:00;08:40:00;CC;16351378;EDUN;GONZALEZ MORALES;1978-12-06;goxab1256;MASCULINO ;2147483647;KRA 3 No.4-59 SUR;OSC.466@GMAIL.COM;FACT001;PRO1
29;2022-01-29;16:15:00;17:05:00;CC;164646678;SAMUEL;GONZALEZ;1996-12-19;GSR5454;MASCULINO ;2147483647;KRA 3 No.4-59 SUR;POLASJBAS452@GMAIL.COM;FACT029;PRO5
5;2022-01-05;11:33:00;12:00:00;CC;17148162;PEDRO PABLO;CASTAÑEDA SANABRIA;1976-01-18;adsetw8789;MASCULINO ;2147483647;KRA 3 No.4-59 SUR;LKSDLKSD@GMAIL.COM;FACT005;PRO5
4;2022-01-04;10:55:00;11:31:00;CC;19221385;BENJAMIN;CHIQUILLO MUÑOZ;1976-07-18;asads4545;MASCULINO ;2147483647;KRA 2 No.4-59 SUR;OSFFDF466@GMAIL.COM;FACT004;PRO4
26;2022-01-26;11:10:00;12:00:00;CC;1L50366461;NORBEY ANTONIO;MORA MERCHAN;1999-03-01;GUROWMLWM5456;MASCULINO ;2147483647;KRA 3 No.4-59 SUR;AJMNBYD4526@GMAIL.COM;FACT026;PRO2
2;2022-01-02;08:45:00;09:43:00;CC;4422435;GUILLERMO;FRANCO RESTREPO;1977-06-07;fraeahb1451;MASCULINO ;2147483647;KRA 1 No.1-59 SUR;AR.466@GMAIL.COM;FACT002;PRO2
23;2022-01-23;07:40:00;08:55:00;CC;550366458;BERNARDO;SUAREZ MORENO;1996-12-19;ASSDXZ1;MASCULINO ;2147483647;KRA 3 No.4-59 SUR;PIUYTHMDS54748@GMAIL.COM;FACT023;PRO11
3;2022-01-03;10:10:00;10:49:00;CC;70048754;JOSE LEON;ECHAVARRIA SEPULVEDA;1976-07-26;echgapod464;MASCULINO ;2147483647;KRA 100 No.4-59 ;O6@GMAIL.COM;FACT003;PRO3
